{
  "mode": "auto_lines",
  "video": "K:\\tmp\\v\\code\\demosaic\\8199881-4k-1m.mp4",
  "K": [
    [
      577.3959444010429,
      0.0,
      1024.0
    ],
    [
      0.0,
      577.3959444010429,
      1080.0
    ],
    [
      0.0,
      0.0,
      1.0
    ]
  ],
  "D": [
    -0.05,
    0.0,
    0.0,
    0.0
  ],
  "reference_size": [
    2048,
    2160
  ],
  "score": 0.31007900916866005,
  "segments_used": 37,
  "frames_sampled": 12
}